{
  "results": [
    {
      "command": "../build/scorecard-openmp ~dan/625/wiki_dump.txt 16",
      "mean": 1.3516665644999997,
      "stddev": 0.039370256868389825,
      "median": 1.3377031694200001,
      "user": 8.246593279999999,
      "system": 0.6847625799999999,
      "min": 1.31664934392,
      "max": 1.46792260692,
      "times": [
        1.3959556329199998,
        1.3676260439199999,
        1.46792260692,
        1.3361065669199998,
        1.34333062592,
        1.3436131039199999,
        1.3267457649199998,
        1.34045282392,
        1.35834081092,
        1.33488809892,
        1.33495605892,
        1.3361820359199998,
        1.32750444992,
        1.42763372492,
        1.35322567692,
        1.3559417839199999,
        1.3597818719199999,
        1.3252979649199998,
        1.33692082592,
        1.32365783092,
        1.34393162692,
        1.3240776049199998,
        1.3484472219199999,
        1.32233489992,
        1.3337471399199998,
        1.43843638792,
        1.41311446692,
        1.38917824092,
        1.35209231792,
        1.3218336929199999,
        1.31664934392,
        1.3433771989199998,
        1.32309741292,
        1.34079960492,
        1.3224943219199998,
        1.32520094692,
        1.32484646092,
        1.32711196692,
        1.3269271729199998,
        1.4647286789199998,
        1.32337229492,
        1.3426780429199998,
        1.3318376379199999,
        1.4645910549199999,
        1.3419659339199999,
        1.35735773592,
        1.32723452892,
        1.32583194092,
        1.33848551292,
        1.33146252892
      ],
      "exit_codes": [
        0,
        0,
        0,
        0,
        0,
        0,
        0,
        0,
        0,
        0,
        0,
        0,
        0,
        0,
        0,
        0,
        0,
        0,
        0,
        0,
        0,
        0,
        0,
        0,
        0,
        0,
        0,
        0,
        0,
        0,
        0,
        0,
        0,
        0,
        0,
        0,
        0,
        0,
        0,
        0,
        0,
        0,
        0,
        0,
        0,
        0,
        0,
        0,
        0,
        0
      ]
    }
  ]
}
