{
  "results": [
    {
      "command": "../build/scorecard-openmp ~dan/625/wiki_dump.txt 1",
      "mean": 8.01672069818,
      "stddev": 0.1943789404463827,
      "median": 8.065540453559999,
      "user": 7.2777935199999995,
      "system": 0.6991083599999998,
      "min": 7.49729240906,
      "max": 8.55046927706,
      "times": [
        8.185903243059999,
        8.12567554106,
        8.04403962406,
        8.19506227306,
        7.64882823506,
        8.00048006606,
        8.10139622006,
        8.051293485059999,
        8.092847044059999,
        8.04858497806,
        8.06927612406,
        7.91949152906,
        7.73424157306,
        8.00873110806,
        8.10869119006,
        8.053335382059998,
        8.075273530059999,
        8.09211592206,
        8.08169869006,
        7.49729240906,
        7.98235134106,
        8.10907923206,
        8.20382613206,
        8.13410042806,
        8.075005618059999,
        8.13481813706,
        7.73321517706,
        7.72109742606,
        8.02374252406,
        7.85944727406,
        8.08555027806,
        8.01734710906,
        8.12713382506,
        8.28800132006,
        7.73052797106,
        8.166167185059999,
        8.177460650059999,
        8.056666928059999,
        8.131584539059999,
        8.12318132606,
        7.82855138806,
        7.88212907006,
        7.622296646060001,
        8.04225644806,
        7.72556093406,
        8.066746688059999,
        8.06433421906,
        8.55046927706,
        8.28716518406,
        7.75196246606
      ],
      "exit_codes": [
        0,
        0,
        0,
        0,
        0,
        0,
        0,
        0,
        0,
        0,
        0,
        0,
        0,
        0,
        0,
        0,
        0,
        0,
        0,
        0,
        0,
        0,
        0,
        0,
        0,
        0,
        0,
        0,
        0,
        0,
        0,
        0,
        0,
        0,
        0,
        0,
        0,
        0,
        0,
        0,
        0,
        0,
        0,
        0,
        0,
        0,
        0,
        0,
        0,
        0
      ]
    }
  ]
}
