{
  "results": [
    {
      "command": "../build/scorecard-openmp ~dan/625/wiki_dump.txt 20",
      "mean": 1.5370770270399996,
      "stddev": 0.26370196523906947,
      "median": 1.40720340414,
      "user": 8.3031152,
      "system": 0.9699992000000002,
      "min": 1.24095900064,
      "max": 2.00527167064,
      "times": [
        1.81959114164,
        1.80747770164,
        1.43833903864,
        1.26187108064,
        1.99356544564,
        2.00527167064,
        1.28391769964,
        1.27109847064,
        1.7954493646399998,
        1.39701335764,
        1.36073907764,
        1.4173934506399999,
        1.78639303264,
        1.82700183964,
        1.28401226664,
        1.78438175364,
        1.29594081164,
        1.24304785364,
        1.25225570964,
        1.7962492156399998,
        1.8235531836399999,
        1.8227464356399998,
        1.28629026464,
        1.77494051064,
        1.34738488464,
        1.26253226764,
        1.25166638864,
        1.86322657764,
        1.8154376636399998,
        1.27654274864,
        1.26439619964,
        1.76297282664,
        1.76671443264,
        1.28206350464,
        1.71893278364,
        1.7653603246399998,
        1.8480462576399999,
        1.28136946164,
        1.24403060464,
        1.31924517864,
        1.27876857264,
        1.75966821764,
        1.7607429826399998,
        1.29460931564,
        1.8322088676400001,
        1.28903099664,
        1.24095900064,
        1.74936550064,
        1.3730332536399998,
        1.3770021616399999
      ],
      "exit_codes": [
        0,
        0,
        0,
        0,
        0,
        0,
        0,
        0,
        0,
        0,
        0,
        0,
        0,
        0,
        0,
        0,
        0,
        0,
        0,
        0,
        0,
        0,
        0,
        0,
        0,
        0,
        0,
        0,
        0,
        0,
        0,
        0,
        0,
        0,
        0,
        0,
        0,
        0,
        0,
        0,
        0,
        0,
        0,
        0,
        0,
        0,
        0,
        0,
        0,
        0
      ]
    }
  ]
}
