{
  "results": [
    {
      "command": "../build/scorecard-openmp ~dan/625/wiki_dump.txt 2",
      "mean": 4.582608186079999,
      "stddev": 0.03833714777667646,
      "median": 4.58492853622,
      "user": 7.422916199999999,
      "system": 0.7678175600000001,
      "min": 4.52981191172,
      "max": 4.694759561720001,
      "times": [
        4.60606577072,
        4.5344897497200005,
        4.5800910877200005,
        4.52981191172,
        4.54691298372,
        4.5734189487200005,
        4.532877050720001,
        4.54939329172,
        4.54112572872,
        4.60323883872,
        4.59700353472,
        4.586631472720001,
        4.59342040172,
        4.54401298372,
        4.59579666772,
        4.60343085872,
        4.694759561720001,
        4.589969640720001,
        4.57459986172,
        4.564797538720001,
        4.58914573172,
        4.604021378720001,
        4.61014783272,
        4.60050651472,
        4.54615387972,
        4.60305431972,
        4.55517650272,
        4.633094546720001,
        4.58354722572,
        4.6580634857200005,
        4.5398812497200005,
        4.58095481872,
        4.54072628572,
        4.59220589772,
        4.55508610272,
        4.5405782207200005,
        4.56579535972,
        4.687477174720001,
        4.54572805872,
        4.58307997872,
        4.59597681372,
        4.54244754572,
        4.67129603772,
        4.59362536572,
        4.55109920672,
        4.60154717172,
        4.58630984672,
        4.59336413572,
        4.54636103372,
        4.592109696720001
      ],
      "exit_codes": [
        0,
        0,
        0,
        0,
        0,
        0,
        0,
        0,
        0,
        0,
        0,
        0,
        0,
        0,
        0,
        0,
        0,
        0,
        0,
        0,
        0,
        0,
        0,
        0,
        0,
        0,
        0,
        0,
        0,
        0,
        0,
        0,
        0,
        0,
        0,
        0,
        0,
        0,
        0,
        0,
        0,
        0,
        0,
        0,
        0,
        0,
        0,
        0,
        0,
        0
      ]
    }
  ]
}
