{
  "results": [
    {
      "command": "../build/scorecard-openmp ~dan/625/wiki_dump.txt 30",
      "mean": 1.29113329616,
      "stddev": 0.10384047317003031,
      "median": 1.27423598266,
      "user": 7.821827400000001,
      "system": 0.7139166800000001,
      "min": 1.2432307121600001,
      "max": 1.99215017916,
      "times": [
        1.27360352516,
        1.2432307121600001,
        1.2559478341599999,
        1.29143670516,
        1.27832762216,
        1.26171183316,
        1.26168032716,
        1.2800140711599999,
        1.25864873516,
        1.2646876551600001,
        1.30523613016,
        1.31752567116,
        1.3587153891600001,
        1.28770561616,
        1.27486844016,
        1.27184427116,
        1.30359054516,
        1.24453722416,
        1.2531223601600001,
        1.2916790871600001,
        1.2714033711600001,
        1.28991443316,
        1.2551103081600001,
        1.99215017916,
        1.26559424016,
        1.25902716216,
        1.27790598616,
        1.27866637716,
        1.29741712416,
        1.26827803516,
        1.27589416616,
        1.24675982916,
        1.24827990516,
        1.24923090716,
        1.2543763051599999,
        1.32257611316,
        1.31237819716,
        1.26749430416,
        1.28500908316,
        1.29499700916,
        1.27267572416,
        1.2603291971600001,
        1.30850132916,
        1.27962342416,
        1.30474426216,
        1.26390252816,
        1.2540634611600001,
        1.28260516716,
        1.29186006316,
        1.24778286016
      ],
      "exit_codes": [
        0,
        0,
        0,
        0,
        0,
        0,
        0,
        0,
        0,
        0,
        0,
        0,
        0,
        0,
        0,
        0,
        0,
        0,
        0,
        0,
        0,
        0,
        0,
        0,
        0,
        0,
        0,
        0,
        0,
        0,
        0,
        0,
        0,
        0,
        0,
        0,
        0,
        0,
        0,
        0,
        0,
        0,
        0,
        0,
        0,
        0,
        0,
        0,
        0,
        0
      ]
    }
  ]
}
