{
  "results": [
    {
      "command": "../build/scorecard-openmp ~dan/625/wiki_dump.txt 40",
      "mean": 1.3106898489599998,
      "stddev": 0.04055379757644726,
      "median": 1.2912878913,
      "user": 7.666365320000001,
      "system": 0.7640139599999998,
      "min": 1.2514603257999999,
      "max": 1.3800437878,
      "times": [
        1.2557750308,
        1.3582957358,
        1.2826536938,
        1.3549730348,
        1.3800021908,
        1.2684117388,
        1.3399106258,
        1.2584683028,
        1.2819013868,
        1.3114334818,
        1.2645590198,
        1.3085728118,
        1.2793347238000001,
        1.3662697208,
        1.3662722418,
        1.2848980788,
        1.2794364548000001,
        1.2708887238,
        1.2554303838,
        1.2999198518000001,
        1.3634783398,
        1.3573893948,
        1.2741753928,
        1.3759322188,
        1.3800437878,
        1.3601947208,
        1.2900719288,
        1.2895522998,
        1.3531733448,
        1.2866745048,
        1.2856455768000001,
        1.2986065048,
        1.2514603257999999,
        1.2998175608,
        1.3478914958000001,
        1.3568199088000001,
        1.3315761878,
        1.3020591468,
        1.3709398328,
        1.2809188388000001,
        1.2777100248,
        1.2905408928,
        1.2896549078,
        1.3700150378,
        1.2846692218,
        1.2920348898,
        1.2862914068,
        1.2847358518,
        1.3622968548,
        1.2727148148
      ],
      "exit_codes": [
        0,
        0,
        0,
        0,
        0,
        0,
        0,
        0,
        0,
        0,
        0,
        0,
        0,
        0,
        0,
        0,
        0,
        0,
        0,
        0,
        0,
        0,
        0,
        0,
        0,
        0,
        0,
        0,
        0,
        0,
        0,
        0,
        0,
        0,
        0,
        0,
        0,
        0,
        0,
        0,
        0,
        0,
        0,
        0,
        0,
        0,
        0,
        0,
        0,
        0
      ]
    }
  ]
}
