{
  "results": [
    {
      "command": "../build/scorecard-openmp ~dan/625/wiki_dump.txt 4",
      "mean": 2.68233077428,
      "stddev": 0.06583511850499223,
      "median": 2.6702927990200003,
      "user": 7.45631354,
      "system": 0.67336864,
      "min": 2.63227751152,
      "max": 3.10560589952,
      "times": [
        2.73809130252,
        2.68810135752,
        2.63227751152,
        2.6741602445200003,
        2.6584442165200004,
        2.6508079005200003,
        2.67867850752,
        2.65557856652,
        2.66422404952,
        2.65720499852,
        2.6447290805200003,
        2.67137998952,
        2.6927597315200003,
        2.66187258352,
        2.7974966985200003,
        2.67960908152,
        2.66715510252,
        2.66173780652,
        2.67635803652,
        2.69787837252,
        2.67189717952,
        2.66396046352,
        3.10560589952,
        2.66579134452,
        2.6755496615200003,
        2.6659963615200004,
        2.6692056085200004,
        2.66130718452,
        2.66787493752,
        2.67282254752,
        2.65804938052,
        2.68497813552,
        2.65384437252,
        2.65995541952,
        2.66836316852,
        2.69478831052,
        2.69491920452,
        2.69290995952,
        2.6827084895200004,
        2.6483142275200002,
        2.67143051552,
        2.67745113352,
        2.66667176252,
        2.6539878315200003,
        2.67705132152,
        2.6747256965200004,
        2.68029380452,
        2.65373921352,
        2.6868010895200003,
        2.6669993505200003
      ],
      "exit_codes": [
        0,
        0,
        0,
        0,
        0,
        0,
        0,
        0,
        0,
        0,
        0,
        0,
        0,
        0,
        0,
        0,
        0,
        0,
        0,
        0,
        0,
        0,
        0,
        0,
        0,
        0,
        0,
        0,
        0,
        0,
        0,
        0,
        0,
        0,
        0,
        0,
        0,
        0,
        0,
        0,
        0,
        0,
        0,
        0,
        0,
        0,
        0,
        0,
        0,
        0
      ]
    }
  ]
}
