{
  "results": [
    {
      "command": "../build/scorecard-openmp ~dan/625/wiki_dump.txt 8",
      "mean": 1.95740719096,
      "stddev": 0.03399385747357415,
      "median": 1.9545080350600001,
      "user": 7.8763385400000026,
      "system": 0.7787518799999998,
      "min": 1.9031956580600002,
      "max": 2.13203001106,
      "times": [
        1.9057357790600002,
        1.96828896506,
        1.97809860006,
        1.95399721806,
        1.94158795906,
        1.9476194720600002,
        1.9031956580600002,
        1.93511958806,
        1.93702341606,
        1.98196020706,
        1.95246267206,
        1.94360196206,
        1.9549094310600001,
        1.97941041906,
        1.96139636406,
        2.03002820606,
        1.96910898506,
        2.00675930706,
        1.9248954790600001,
        1.9627627450600003,
        1.9528766930600001,
        1.9557610380600001,
        1.9501923490600002,
        1.9820921910600002,
        1.94526042006,
        1.9253567440600001,
        1.9360681850600001,
        1.9518364590600001,
        1.94414334706,
        1.92362103206,
        1.96370337606,
        1.95792552906,
        1.96827665806,
        1.96046234406,
        1.96831384806,
        1.95550514106,
        2.13203001106,
        1.9239404470600001,
        1.93047714506,
        1.96418581806,
        1.94993397206,
        1.9496706240600001,
        1.96294178406,
        1.9541066390600002,
        1.9178197920600002,
        1.97543403606,
        1.95686721706,
        1.93889063706,
        1.96468954006,
        1.9700140970600002
      ],
      "exit_codes": [
        0,
        0,
        0,
        0,
        0,
        0,
        0,
        0,
        0,
        0,
        0,
        0,
        0,
        0,
        0,
        0,
        0,
        0,
        0,
        0,
        0,
        0,
        0,
        0,
        0,
        0,
        0,
        0,
        0,
        0,
        0,
        0,
        0,
        0,
        0,
        0,
        0,
        0,
        0,
        0,
        0,
        0,
        0,
        0,
        0,
        0,
        0,
        0,
        0,
        0
      ]
    }
  ]
}
