{
  "results": [
    {
      "command": "../build/scorecard-pthread ~dan/625/wiki_dump.txt 16",
      "mean": 1.3905503124199998,
      "stddev": 0.05000137910810949,
      "median": 1.40265147646,
      "user": 8.211378459999997,
      "system": 0.7492483999999999,
      "min": 1.29778387946,
      "max": 1.57534293546,
      "times": [
        1.57534293546,
        1.38575791946,
        1.38347415246,
        1.4324998394600001,
        1.4025200374600002,
        1.32745186146,
        1.41971169146,
        1.41826861646,
        1.39500716746,
        1.38492234446,
        1.4063950464600001,
        1.38860877246,
        1.3120847984600001,
        1.40388851346,
        1.45351016746,
        1.3844496104600001,
        1.4076503174600001,
        1.31116011546,
        1.38516979946,
        1.45230300046,
        1.38969566246,
        1.30734497946,
        1.4079544534600001,
        1.35173442446,
        1.30886487046,
        1.44555846646,
        1.4053280214600001,
        1.33843164546,
        1.40769355746,
        1.4046054644600001,
        1.30464976546,
        1.29778387946,
        1.40278291546,
        1.4130365904600002,
        1.40512259646,
        1.41045807646,
        1.38124367946,
        1.44082756046,
        1.42261473546,
        1.3364638664600001,
        1.3709917604600002,
        1.43064730146,
        1.40864783246,
        1.40193949046,
        1.42826371046,
        1.38659701546,
        1.42258601046,
        1.35618078446,
        1.30289230746,
        1.40639748946
      ],
      "exit_codes": [
        0,
        0,
        0,
        0,
        0,
        0,
        0,
        0,
        0,
        0,
        0,
        0,
        0,
        0,
        0,
        0,
        0,
        0,
        0,
        0,
        0,
        0,
        0,
        0,
        0,
        0,
        0,
        0,
        0,
        0,
        0,
        0,
        0,
        0,
        0,
        0,
        0,
        0,
        0,
        0,
        0,
        0,
        0,
        0,
        0,
        0,
        0,
        0,
        0,
        0
      ]
    }
  ]
}
