{
  "results": [
    {
      "command": "../build/scorecard-pthread ~dan/625/wiki_dump.txt 16",
      "mean": 1.2881182485350002,
      "stddev": 0.034085580513274705,
      "median": 1.27795167086,
      "user": 8.139308394999999,
      "system": 0.6644093549999999,
      "min": 1.24719550886,
      "max": 1.38306688186,
      "times": [
        1.3060083448600002,
        1.27565017686,
        1.26903604686,
        1.3308348168600002,
        1.3178417768600001,
        1.2895803538600001,
        1.2829426458600002,
        1.28232372386,
        1.38306688186,
        1.33134335686,
        1.35929457386,
        1.30397100386,
        1.26864575686,
        1.29797098686,
        1.32386325686,
        1.25825519186,
        1.26295383386,
        1.27931467886,
        1.25340854986,
        1.25997766986,
        1.26267525886,
        1.25808501886,
        1.27658866286,
        1.2910241258600001,
        1.24978606586,
        1.26633548086,
        1.2597716538600001,
        1.26482532286,
        1.2552026358600001,
        1.26583890786,
        1.26808017886,
        1.34198732686,
        1.26109674586,
        1.28067964886,
        1.2549190998600002,
        1.31826529986,
        1.28250278586,
        1.24719550886,
        1.34480201586,
        1.33878456986
      ],
      "exit_codes": [
        0,
        0,
        0,
        0,
        0,
        0,
        0,
        0,
        0,
        0,
        0,
        0,
        0,
        0,
        0,
        0,
        0,
        0,
        0,
        0,
        0,
        0,
        0,
        0,
        0,
        0,
        0,
        0,
        0,
        0,
        0,
        0,
        0,
        0,
        0,
        0,
        0,
        0,
        0,
        0
      ]
    }
  ]
}
