{
  "results": [
    {
      "command": "../build/scorecard-pthread ~dan/625/wiki_dump.txt 1",
      "mean": 7.8058856402800005,
      "stddev": 0.3503180788858488,
      "median": 7.9368299081,
      "user": 7.12281992,
      "system": 0.6572156800000001,
      "min": 7.0832750656000005,
      "max": 8.1951636466,
      "times": [
        7.9384096546,
        8.1148321906,
        7.5516098586,
        7.1029201716,
        7.9112687846,
        7.4740501986000005,
        7.0832750656000005,
        8.022350938599999,
        7.9403425986,
        8.1689870936,
        7.441415715600001,
        7.2512724646,
        8.1122606446,
        8.102457612599999,
        8.1951636466,
        7.8493287196,
        8.0922331656,
        8.112574091599999,
        7.8309176326,
        7.492980166600001,
        8.0513785356,
        7.7637743476,
        8.104313703599999,
        7.9352501616,
        8.117818243599999,
        7.3331533206,
        7.1041702806,
        7.6815454156000005,
        7.5362514886000005,
        7.0885077886,
        7.969567247600001,
        8.032839148599999,
        8.0420571446,
        8.108093216599999,
        8.132823992599999,
        8.0693732446,
        8.151246004599999,
        7.4569078896,
        7.896399440600001,
        8.1118354816,
        8.1206387046,
        7.6437958336000005,
        7.5197253646,
        8.1021178166,
        7.6742876266,
        8.1201157696,
        7.928735000600001,
        8.123660034599999,
        7.4780663556,
        7.1071829956000006
      ],
      "exit_codes": [
        0,
        0,
        0,
        0,
        0,
        0,
        0,
        0,
        0,
        0,
        0,
        0,
        0,
        0,
        0,
        0,
        0,
        0,
        0,
        0,
        0,
        0,
        0,
        0,
        0,
        0,
        0,
        0,
        0,
        0,
        0,
        0,
        0,
        0,
        0,
        0,
        0,
        0,
        0,
        0,
        0,
        0,
        0,
        0,
        0,
        0,
        0,
        0,
        0,
        0
      ]
    }
  ]
}
