{
  "results": [
    {
      "command": "../build/scorecard-pthread ~dan/625/wiki_dump.txt 1",
      "mean": 6.465905404945,
      "stddev": 0.25307767193676073,
      "median": 6.4261468530200005,
      "user": 5.778451325000001,
      "system": 0.6580344850000002,
      "min": 6.373194204020001,
      "max": 7.967098190020001,
      "times": [
        6.433838794020001,
        6.43372076302,
        6.42255293302,
        6.42758061402,
        6.70400031802,
        6.427843305020001,
        6.43606651602,
        6.43074617402,
        6.38635553802,
        6.38763970902,
        6.38656535602,
        6.386473151020001,
        6.38718702502,
        6.66179613502,
        6.38004722702,
        6.37526056402,
        6.373194204020001,
        6.37547687402,
        6.4021683970200005,
        6.37488575302,
        6.38090761602,
        6.38146935602,
        7.967098190020001,
        6.380491910020001,
        6.373253727020001,
        6.4270019640200005,
        6.42922016702,
        6.426252546020001,
        6.425630856020001,
        6.42594878902,
        6.427394109020001,
        6.579798831020001,
        6.428887369020001,
        6.42741975802,
        6.42662940002,
        6.42623036302,
        6.42606334302,
        6.426513438020001,
        6.431278517020001,
        6.425326598020001
      ],
      "exit_codes": [
        0,
        0,
        0,
        0,
        0,
        0,
        0,
        0,
        0,
        0,
        0,
        0,
        0,
        0,
        0,
        0,
        0,
        0,
        0,
        0,
        0,
        0,
        0,
        0,
        0,
        0,
        0,
        0,
        0,
        0,
        0,
        0,
        0,
        0,
        0,
        0,
        0,
        0,
        0,
        0
      ]
    }
  ]
}
