{
  "results": [
    {
      "command": "../build/scorecard-pthread ~dan/625/wiki_dump.txt 20",
      "mean": 1.2976574195250001,
      "stddev": 0.047085617653012335,
      "median": 1.286825635,
      "user": 8.458617415000003,
      "system": 0.7464188749999997,
      "min": 1.2105866205,
      "max": 1.3901250265,
      "times": [
        1.2754048765,
        1.2907136535,
        1.2884565525,
        1.2436765855,
        1.3098986645,
        1.2823851155,
        1.3432286105,
        1.2732196535,
        1.2864018435,
        1.2866463845,
        1.2769554994999999,
        1.2305227175,
        1.2624270555,
        1.3225274975,
        1.3089809774999999,
        1.3813100735,
        1.2834394005,
        1.3000219535,
        1.3117652785,
        1.2870048855,
        1.2723841525,
        1.2890722964999999,
        1.2840732284999998,
        1.2129402665,
        1.3901250265,
        1.2712444644999998,
        1.3790615215,
        1.2105866205,
        1.3833534674999999,
        1.2734498244999999,
        1.3853252305,
        1.2925000485,
        1.3320521705,
        1.2909753495,
        1.2318798825,
        1.3682578975,
        1.2707887045,
        1.2820334435,
        1.2684159565,
        1.3727899495
      ],
      "exit_codes": [
        0,
        0,
        0,
        0,
        0,
        0,
        0,
        0,
        0,
        0,
        0,
        0,
        0,
        0,
        0,
        0,
        0,
        0,
        0,
        0,
        0,
        0,
        0,
        0,
        0,
        0,
        0,
        0,
        0,
        0,
        0,
        0,
        0,
        0,
        0,
        0,
        0,
        0,
        0,
        0
      ]
    }
  ]
}
