{
  "results": [
    {
      "command": "../build/scorecard-pthread ~dan/625/wiki_dump.txt 20",
      "mean": 1.7663694701600008,
      "stddev": 0.1211064215578362,
      "median": 1.7967786780800001,
      "user": 8.2436353,
      "system": 1.2206180800000002,
      "min": 1.34609873908,
      "max": 1.92876436108,
      "times": [
        1.8143879250800001,
        1.7256840850800002,
        1.4760419260800002,
        1.8078805120800001,
        1.8058931980800002,
        1.8613262430800002,
        1.83412373408,
        1.8064294840800001,
        1.8092935330800002,
        1.78457125708,
        1.78976322408,
        1.79184248208,
        1.7969527080800003,
        1.7880602620800001,
        1.3854922820800002,
        1.7754488240800002,
        1.8088571180800002,
        1.4062178280800002,
        1.80657529308,
        1.7812479290800003,
        1.80399879208,
        1.7894406780800003,
        1.92876436108,
        1.78926767208,
        1.81429655408,
        1.7849498680800002,
        1.78584100808,
        1.7953255360800002,
        1.78998247908,
        1.79449935708,
        1.77332786608,
        1.80049936408,
        1.8029351070800002,
        1.79660464808,
        1.8015221940800001,
        1.8011686700800003,
        1.90288312008,
        1.7908450180800002,
        1.7877557370800001,
        1.8423253890800002,
        1.50645845508,
        1.7759483420800002,
        1.79990053408,
        1.8518437730800001,
        1.81401912408,
        1.80054618808,
        1.8310955590800002,
        1.34609873908,
        1.8155412240800002,
        1.7446983010800001
      ],
      "exit_codes": [
        0,
        0,
        0,
        0,
        0,
        0,
        0,
        0,
        0,
        0,
        0,
        0,
        0,
        0,
        0,
        0,
        0,
        0,
        0,
        0,
        0,
        0,
        0,
        0,
        0,
        0,
        0,
        0,
        0,
        0,
        0,
        0,
        0,
        0,
        0,
        0,
        0,
        0,
        0,
        0,
        0,
        0,
        0,
        0,
        0,
        0,
        0,
        0,
        0,
        0
      ]
    }
  ]
}
