{
  "results": [
    {
      "command": "../build/scorecard-pthread ~dan/625/wiki_dump.txt 2",
      "mean": 4.3880767326,
      "stddev": 0.1526344202346992,
      "median": 4.440188299560001,
      "user": 7.246609339999999,
      "system": 0.6642199599999998,
      "min": 3.90743341556,
      "max": 4.67632564556,
      "times": [
        4.4495760655600005,
        4.1238306735600005,
        4.41458213056,
        4.43394519056,
        4.567571619560001,
        4.542081400560001,
        4.47112974156,
        4.21032007356,
        4.48345517156,
        4.391200249560001,
        4.5102076565600004,
        4.51972929656,
        4.67632564556,
        4.319054593560001,
        4.40823348456,
        4.2257009525600004,
        4.441067594560001,
        4.528765321560001,
        4.5077962435600005,
        4.43930900456,
        4.206035288560001,
        4.43572777256,
        4.4067503525600005,
        4.460234171560001,
        4.470538432560001,
        4.456162450560001,
        4.33015620856,
        4.251654250560001,
        4.283901734560001,
        4.2953393685600005,
        4.47123740456,
        4.500302616560001,
        4.4153801905600005,
        4.083290191560001,
        4.37046868156,
        4.48812525756,
        4.4607168575600005,
        4.46885180556,
        4.12923996856,
        4.32186787956,
        4.502759221560001,
        4.52387976656,
        4.45454259356,
        3.90743341556,
        4.35142736656,
        4.48584538256,
        4.49105302556,
        4.48078776156,
        3.99196854156,
        4.24427656056
      ],
      "exit_codes": [
        0,
        0,
        0,
        0,
        0,
        0,
        0,
        0,
        0,
        0,
        0,
        0,
        0,
        0,
        0,
        0,
        0,
        0,
        0,
        0,
        0,
        0,
        0,
        0,
        0,
        0,
        0,
        0,
        0,
        0,
        0,
        0,
        0,
        0,
        0,
        0,
        0,
        0,
        0,
        0,
        0,
        0,
        0,
        0,
        0,
        0,
        0,
        0,
        0,
        0
      ]
    }
  ]
}
