{
  "results": [
    {
      "command": "../build/scorecard-pthread ~dan/625/wiki_dump.txt 2",
      "mean": 4.058432755910001,
      "stddev": 0.29442508613127155,
      "median": 3.90618464346,
      "user": 6.518223619999999,
      "system": 0.692082845,
      "min": 3.77110888846,
      "max": 5.08038682346,
      "times": [
        4.31834566546,
        4.307546472459999,
        4.2367813514599995,
        4.2978631074599996,
        4.30795878146,
        4.25368865146,
        4.2596028294599995,
        4.3491736004599995,
        4.271722223459999,
        4.2538494694599995,
        4.38228423046,
        4.33412155046,
        4.254493829459999,
        5.08038682346,
        4.279990262459999,
        4.26448051546,
        4.294201117459999,
        3.98851538546,
        3.77110888846,
        3.82231372746,
        3.8056257004600003,
        3.78945132146,
        3.78918857346,
        3.8021591584600003,
        3.81737287946,
        3.84564985746,
        3.96671942946,
        3.81458368346,
        3.78056681746,
        3.7991145034600002,
        3.8247908774600003,
        4.4714137764599995,
        3.79327687446,
        3.81613117446,
        3.8119766634600003,
        3.80864382146,
        3.80733592146,
        3.8116830364600003,
        3.82249469446,
        3.83070298846
      ],
      "exit_codes": [
        0,
        0,
        0,
        0,
        0,
        0,
        0,
        0,
        0,
        0,
        0,
        0,
        0,
        0,
        0,
        0,
        0,
        0,
        0,
        0,
        0,
        0,
        0,
        0,
        0,
        0,
        0,
        0,
        0,
        0,
        0,
        0,
        0,
        0,
        0,
        0,
        0,
        0,
        0,
        0
      ]
    }
  ]
}
