{
  "results": [
    {
      "command": "../build/scorecard-pthread ~dan/625/wiki_dump.txt 30",
      "mean": 1.6221938634799997,
      "stddev": 0.39508181262765346,
      "median": 1.5390699413400002,
      "user": 7.35559932,
      "system": 0.72940304,
      "min": 1.48394888484,
      "max": 3.69899601784,
      "times": [
        1.56076295784,
        1.6410812588400001,
        3.33817708984,
        1.5369893848400003,
        1.49884590284,
        1.5254545968400002,
        1.49854602884,
        1.48394888484,
        1.5141850868400002,
        1.5029282598400002,
        1.5037778908400001,
        1.61961353784,
        1.59957153384,
        1.5966002568400002,
        1.56343473284,
        1.57913746684,
        1.5001742428400002,
        1.52615360384,
        1.62576741484,
        1.5176377988400003,
        1.62616092384,
        1.57876329984,
        1.56987186184,
        1.5725398478400001,
        1.5411504978400001,
        1.4960254208400001,
        1.60144656984,
        1.5677027168400002,
        1.5430461398400002,
        1.5412447738400001,
        1.5023708208400002,
        1.5108828898400002,
        1.50511455784,
        1.4966720418400001,
        1.51180629384,
        1.51261882184,
        1.51555982784,
        1.49279005384,
        1.54918884484,
        1.54548746384,
        1.5358467698400002,
        1.57958406984,
        1.50516595484,
        1.61542297884,
        1.4931881778400002,
        1.5150996358400002,
        3.69899601784,
        1.6053137538400002,
        1.56003067084,
        1.48781354484
      ],
      "exit_codes": [
        0,
        0,
        0,
        0,
        0,
        0,
        0,
        0,
        0,
        0,
        0,
        0,
        0,
        0,
        0,
        0,
        0,
        0,
        0,
        0,
        0,
        0,
        0,
        0,
        0,
        0,
        0,
        0,
        0,
        0,
        0,
        0,
        0,
        0,
        0,
        0,
        0,
        0,
        0,
        0,
        0,
        0,
        0,
        0,
        0,
        0,
        0,
        0,
        0,
        0
      ]
    }
  ]
}
