{
  "results": [
    {
      "command": "../build/scorecard-pthread ~dan/625/wiki_dump.txt 4",
      "mean": 2.6194068442600003,
      "stddev": 0.060649940453246634,
      "median": 2.62354893674,
      "user": 7.405056900000002,
      "system": 0.6405741199999998,
      "min": 2.5344904117400002,
      "max": 2.8724702327400005,
      "times": [
        2.6285655947400004,
        2.6286916817400003,
        2.63756575874,
        2.61140070074,
        2.6615105957400003,
        2.6472110797400004,
        2.62159964174,
        2.62332674074,
        2.6055908157400003,
        2.60752111774,
        2.63988533774,
        2.64169499574,
        2.6332399407400002,
        2.6327103227400004,
        2.62315359874,
        2.65588018674,
        2.56687367474,
        2.56299916174,
        2.57498869374,
        2.55126137974,
        2.5559431647400004,
        2.62209554974,
        2.6456226667400005,
        2.6448019247400003,
        2.6291543337400003,
        2.56477039174,
        2.7079865247400003,
        2.6574490397400004,
        2.6477694987400002,
        2.62377113274,
        2.6470367347400003,
        2.62128057474,
        2.65439463074,
        2.63814151374,
        2.59691820574,
        2.5589302707400003,
        2.5475327457400003,
        2.55564421374,
        2.5344904117400002,
        2.8724702327400005,
        2.5901908327400003,
        2.54600275474,
        2.5559164717400003,
        2.54692224274,
        2.6275374187400002,
        2.7942265867400002,
        2.6423987497400003,
        2.66116667674,
        2.5393159937400003,
        2.5847897037400003
      ],
      "exit_codes": [
        0,
        0,
        0,
        0,
        0,
        0,
        0,
        0,
        0,
        0,
        0,
        0,
        0,
        0,
        0,
        0,
        0,
        0,
        0,
        0,
        0,
        0,
        0,
        0,
        0,
        0,
        0,
        0,
        0,
        0,
        0,
        0,
        0,
        0,
        0,
        0,
        0,
        0,
        0,
        0,
        0,
        0,
        0,
        0,
        0,
        0,
        0,
        0,
        0,
        0
      ]
    }
  ]
}
