{
  "results": [
    {
      "command": "../build/scorecard-pthread ~dan/625/wiki_dump.txt 4",
      "mean": 2.4797971980899995,
      "stddev": 0.03791458108986154,
      "median": 2.47688264154,
      "user": 6.667896269999998,
      "system": 0.7041586749999997,
      "min": 2.43127629254,
      "max": 2.59537966654,
      "times": [
        2.49961708854,
        2.48856697454,
        2.4552928565400003,
        2.47462282454,
        2.5073973235400002,
        2.49010848154,
        2.52005044054,
        2.5219792665400003,
        2.51759210554,
        2.51007903354,
        2.5072446425400003,
        2.49248243254,
        2.50470633854,
        2.5087284755400003,
        2.47363335054,
        2.59537966654,
        2.50206177454,
        2.54179818654,
        2.46838834354,
        2.47934267154,
        2.47955960554,
        2.54899753954,
        2.43413444454,
        2.43839435054,
        2.43127629254,
        2.45192190254,
        2.5216713265400004,
        2.44274304554,
        2.43739441654,
        2.45431150254,
        2.43699723754,
        2.45432229354,
        2.44012079454,
        2.44483541154,
        2.45809336654,
        2.44805467854,
        2.47914245854,
        2.45283333654,
        2.44113043654,
        2.43688120554
      ],
      "exit_codes": [
        0,
        0,
        0,
        0,
        0,
        0,
        0,
        0,
        0,
        0,
        0,
        0,
        0,
        0,
        0,
        0,
        0,
        0,
        0,
        0,
        0,
        0,
        0,
        0,
        0,
        0,
        0,
        0,
        0,
        0,
        0,
        0,
        0,
        0,
        0,
        0,
        0,
        0,
        0,
        0
      ]
    }
  ]
}
