{
  "results": [
    {
      "command": "../build/scorecard-pthread ~dan/625/wiki_dump.txt 8",
      "mean": 2.4646689947200002,
      "stddev": 0.03696029221943374,
      "median": 2.4692009537999997,
      "user": 7.607170780000003,
      "system": 1.3843482999999999,
      "min": 2.4090319003,
      "max": 2.6009156633,
      "times": [
        2.4693239033,
        2.4787913053,
        2.4756085903,
        2.5018265603,
        2.4554922993,
        2.4727402653,
        2.4767842963,
        2.4705250933,
        2.4752813773,
        2.4765900923,
        2.4716125223,
        2.4785007003,
        2.4809235213,
        2.4669695923,
        2.4834488513,
        2.4985647773,
        2.4741387373,
        2.4690780043,
        2.5362283353,
        2.4702372823,
        2.4779617493,
        2.4784254213,
        2.4829979953,
        2.4804768843000002,
        2.4846446213,
        2.5072350003,
        2.4429852443,
        2.4473368693,
        2.4313948793,
        2.4349169053,
        2.4362762863,
        2.4392455433,
        2.4220770873,
        2.4214164993,
        2.4298287693,
        2.4448121743,
        2.4254432333000002,
        2.4347149123,
        2.6009156633,
        2.4317823343000002,
        2.4415422303,
        2.4540622083,
        2.4322193043,
        2.4090319003,
        2.4337406513,
        2.4266634553,
        2.4429820813,
        2.4346546383,
        2.4403624883,
        2.5806365983
      ],
      "exit_codes": [
        0,
        0,
        0,
        0,
        0,
        0,
        0,
        0,
        0,
        0,
        0,
        0,
        0,
        0,
        0,
        0,
        0,
        0,
        0,
        0,
        0,
        0,
        0,
        0,
        0,
        0,
        0,
        0,
        0,
        0,
        0,
        0,
        0,
        0,
        0,
        0,
        0,
        0,
        0,
        0,
        0,
        0,
        0,
        0,
        0,
        0,
        0,
        0,
        0,
        0
      ]
    }
  ]
}
