{
  "results": [
    {
      "command": "../build/scorecard-pthread ~dan/625/wiki_dump.txt 8",
      "mean": 1.7788682499150004,
      "stddev": 0.029641301916021708,
      "median": 1.7724769282400001,
      "user": 7.4988289299999975,
      "system": 0.707516135,
      "min": 1.75707463474,
      "max": 1.9031930777400001,
      "times": [
        1.75707463474,
        1.77762280274,
        1.76332954074,
        1.7626968017400002,
        1.78128007074,
        1.7801551127400002,
        1.77122451474,
        1.76800960874,
        1.77568498674,
        1.7746406007400002,
        1.76983767774,
        1.77098273974,
        1.7761917017400002,
        1.76991045074,
        1.75735201074,
        1.77377856874,
        1.78196737174,
        1.76877579574,
        1.78120181674,
        1.7642222947400001,
        1.77638128074,
        1.7701953437400002,
        1.77393117274,
        1.8999967557400002,
        1.9031930777400001,
        1.7782321137400001,
        1.76664864274,
        1.7804405757400001,
        1.76960421374,
        1.76346029874,
        1.77788598174,
        1.80250624474,
        1.77159222574,
        1.77108565674,
        1.77423320474,
        1.7792990457400002,
        1.7717500727400002,
        1.76108707274,
        1.77320378374,
        1.76406412974
      ],
      "exit_codes": [
        0,
        0,
        0,
        0,
        0,
        0,
        0,
        0,
        0,
        0,
        0,
        0,
        0,
        0,
        0,
        0,
        0,
        0,
        0,
        0,
        0,
        0,
        0,
        0,
        0,
        0,
        0,
        0,
        0,
        0,
        0,
        0,
        0,
        0,
        0,
        0,
        0,
        0,
        0,
        0
      ]
    }
  ]
}
